timestamp,volume,open,high,low,close,chg,percent,turnoverrate,amount,volume_post,amount_post
1580745600000,345569,15.2123,18.2567,15.2123,18.2567,5.5811,44.03,0.86,6313942.0,,
1580832000000,41697,20.0874,20.0874,20.0874,20.0874,1.8311,10.03,0.1,841862.0,,
1580918400000,55082,22.0971,22.0971,22.0971,22.0971,2.0088,10.0,0.14,1223371.0,,
1581004800000,69179,24.3058,24.3058,24.3058,24.3058,2.2096,10.0,0.17,1690043.0,,
1581264000000,107419,26.7334,26.7334,26.7334,26.7334,2.4281,9.99,0.27,2886349.0,,
1581350400000,62575,29.4098,29.4098,29.4098,29.4098,2.676,10.01,0.16,1849717.0,,
1581436800000,58638,32.3547,32.3547,32.3547,32.3547,2.944,10.01,0.15,1906908.0,,
1581523200000,89926,35.5882,35.5882,35.5882,35.5882,3.2323,9.99,0.22,3216653.0,,
1581609600000,85657,39.15,39.15,39.15,39.15,3.5623,10.01,0.21,3370603.0,,
1581868800000,87829,43.07,43.07,43.07,43.07,3.919,10.01,0.22,3802117.0,,
1581955200000,84006,47.378,47.378,47.378,47.378,4.3071,10.0,0.21,4000366.0,,
1582041600000,244635,52.1138,52.1138,52.1138,52.1138,4.7376,10.0,0.61,12813981.0,,
1582128000000,171770,57.3271,57.3271,57.3271,57.3271,5.2116,10.0,0.43,9897387.0,,
1582214400000,143148,63.0579,63.0579,63.0579,63.0579,5.7325,10.0,0.36,9072720.0,,
1582473600000,133462,69.3656,69.3656,69.3656,69.3656,6.306,10.0,0.33,9304971.0,,
1582560000000,300618,76.3002,76.3002,76.3002,76.3002,6.9364,10.0,0.75,23054394.0,,
1582646400000,210506,83.9312,83.9312,83.9312,83.9312,7.6301,10.0,0.53,17758286.0,,
1582732800000,451415,92.3283,92.3283,92.3283,92.3283,8.3935,10.0,1.13,41891312.0,,
1582819200000,4254044,101.5612,101.5612,101.5612,101.5612,9.2328,10.0,10.64,434252812.0,,
1583078400000,984867,111.7193,111.7193,111.7193,111.7193,10.1563,10.0,2.46,110590715.0,,
1583164800000,568890,122.8922,122.8922,122.8922,122.8922,11.172,10.0,1.42,70269293.0,,
1583251200000,18460637,135.1794,135.1794,135.1794,135.1794,12.289,10.0,46.15,2508246749.0,,
1583337600000,21489450,141.9349,148.7003,139.2984,148.7003,13.5182,10.0,53.72,3166364271.0,,
1583424000000,18552398,139.2884,163.0669,138.8407,159.1868,10.4836,7.05,46.38,2830451097.0,,
1583683200000,12861045,155.7046,159.6842,144.064,150.1131,-9.0736,-5.7,32.15,1969136918.0,,
1583769600000,12993958,147.2478,155.0877,136.8011,152.0731,1.9664,1.31,32.48,1926042749.0,,
1583856000000,11411926,149.2376,149.2376,136.8708,136.8708,-15.2079,-10.0,28.53,1625739752.0,,
1583942400000,13614450,142.2732,150.5608,141.338,150.5608,13.6873,10.0,34.04,2019480469.0,,
1584028800000,10542590,144.263,148.5113,136.3037,141.2783,-9.2901,-6.17,26.36,1516633397.0,,
1584288000000,9269314,139.368,140.2336,127.1504,127.1504,-14.1278,-10.0,23.17,1228811340.0,,
1584374400000,7010645,129.3392,132.9906,124.3945,129.9859,2.8355,2.23,17.53,912138219.0,,
1584460800000,8120197,129.3392,137.5971,125.4093,132.8115,2.8208,2.17,20.3,1070897556.0,,
1584547200000,7575086,130.6625,136.7912,128.802,135.7067,2.8953,2.18,18.94,1017122651.0,,
1584633600000,7403221,135.5177,136.3037,125.6481,129.8467,-5.8626,-4.32,18.51,969477897.0,,
1584892800000,3812795,121.3799,122.1758,116.863,116.863,-12.9848,-10.0,9.53,453997277.0,,
1584979200000,9217506,114.7637,116.4053,105.1727,112.9231,-3.9382,-3.37,23.04,1023997520.0,,
1585065600000,5810065,113.4206,118.3454,112.4257,113.4206,0.4969,0.44,14.53,673415648.0,,
1585152000000,8867232,113.2912,124.7626,110.1174,118.9722,5.5465,4.89,22.17,1076026919.0,,
1585238400000,6445302,119.3901,121.3799,111.9282,112.3162,-6.6502,-5.59,16.11,750651107.0,,
1585497600000,5185054,107.4809,111.3113,101.6109,109.1424,-3.1787,-2.83,12.96,552310796.0,,
1585584000000,5098413,111.4307,117.0321,109.4409,112.0973,2.9577,2.71,12.75,582435741.0,,
1585670400000,11355842,112.4157,123.3101,112.0973,123.3101,11.21,10.0,28.39,1385620399.0,,
1585756800000,10469977,121.3799,131.8066,120.584,128.6428,5.3272,4.32,26.17,1318453864.0,,
1585843200000,7013210,126.3545,126.3545,120.385,121.3799,-7.2686,-5.65,17.53,867423987.0,,
1586188800000,7104199,124.3647,124.5736,119.9174,121.7281,0.352,0.29,17.76,873064312.0,,
1586275200000,7077601,117.639,126.852,117.6092,124.3547,2.6293,2.16,17.69,869477215.0,,
1586361600000,4681786,124.3647,127.23,121.9669,124.4642,0.1119,0.09,11.7,585111875.0,,
1586448000000,5593566,125.3596,126.1555,112.9828,113.5101,-10.9527,-8.8,13.98,665664740.0,,
1586707200000,3410654,112.157,117.3306,110.605,114.5349,1.0216,0.9,8.53,392951373.0,,
1586793600000,3261149,116.9028,117.8977,114.2265,117.3505,2.8175,2.46,8.15,380227783.0,,
1586880000000,3990458,118.0569,120.3352,115.5099,115.7686,-1.5843,-1.35,9.98,472735471.0,,
1586966400000,3400269,112.555,117.1913,111.5302,114.6941,-1.0767,-0.93,8.5,390023642.0,,
1587052800000,8105763,117.251,126.1655,117.0023,119.7681,5.0697,4.42,20.26,992470569.0,,
1587312000000,4244941,119.1911,122.3748,116.3854,118.8926,-0.8743,-0.73,10.61,505456084.0,,
1587398400000,4498108,117.5395,117.6788,109.7195,113.6196,-5.2791,-4.44,11.25,513950313.0,,
1587484800000,2696510,111.9282,115.679,111.5103,115.0124,1.3975,1.23,6.74,309827843.0,,
1587571200000,5130228,115.1418,123.3299,115.1418,119.4398,4.428,3.85,12.83,615972667.0,,
1587657600000,3404574,118.3952,120.8825,113.2216,115.0124,-4.4314,-3.71,8.51,397014785.0,,
1587916800000,2016896,114.9826,115.8979,111.7292,114.316,-0.7016,-0.61,5.04,230389477.0,,
1588003200000,5296707,113.918,125.3596,112.9231,122.5241,8.2079,7.18,13.24,640313991.0,,
1588089600000,5996800,121.3501,132.5926,120.4845,130.0655,7.5471,6.16,14.99,773097376.0,,
1588176000000,5408981,133.8263,143.0691,131.14,143.0691,13.0063,10.0,13.52,754460107.0,,
1588694400000,7250285,147.5462,155.804,142.3229,152.1229,9.0561,6.33,18.13,1078732679.0,,
1588780800000,6071778,148.2427,149.0386,143.0691,144.263,-7.865,-5.17,15.18,890727844.0,,
1588867200000,7154931,145.2579,158.6893,143.4671,153.2272,8.9591,6.21,17.89,1081585072.0,,
1589126400000,6006507,154.2122,164.3603,150.2425,155.0778,1.854,1.21,15.02,949102307.0,,
1589212800000,4959209,154.9086,156.202,146.7503,153.5058,-1.5662,-1.01,12.4,752175916.0,,
1589299200000,3565873,152.2223,157.1969,150.73,154.4012,0.8904,0.58,8.91,552213971.0,,
1589385600000,8129828,152.3815,169.8423,152.3318,165.1563,10.7613,6.97,20.32,1355356837.0,,
1589472000000,6991147,164.1614,179.0851,161.5746,169.126,3.9639,2.4,17.48,1196564067.0,,
1589731200000,6644266,173.1156,173.5036,159.2863,162.271,-6.8494,-4.05,16.61,1102864570.0,,
1589817600000,4419317,163.3654,169.5439,160.0424,168.1211,5.8577,3.61,11.05,738172479.0,,
1589904000000,4868339,166.1512,168.738,155.5056,159.0375,-9.0783,-5.4,12.17,792464817.0,,
1589990400000,4284235,158.0924,158.1023,148.7401,150.4215,-8.6201,-5.42,10.71,659947936.0,,
1590076800000,4127043,149.9141,154.8788,146.8299,149.755,-0.6618,-0.44,10.32,624906073.0,,
1590336000000,3235175,148.2427,151.7249,143.7655,146.8597,-2.8902,-1.93,8.09,478605300.0,,
1590422400000,3896577,148.3521,155.5852,148.3521,154.7196,7.8571,5.35,9.74,596959920.0,,
1590508800000,3431871,153.2272,155.5951,147.1085,147.1582,-7.566,-4.89,8.58,518718156.0,,
1590595200000,3479393,146.0141,148.2825,140.2336,146.8498,-0.309,-0.21,8.7,505749141.0,,
1590681600000,2501917,144.9396,149.2276,143.2681,147.2478,0.3965,0.27,6.25,368900532.0,,
1590940800000,3426144,149.8501,155.3115,147.1592,153.1788,5.934,4.03,8.57,522502550.0,,
1591027200000,3447159,153.4777,154.3348,147.6077,149.9697,-3.2013,-2.09,8.62,519031095.0,,
1591113600000,4272758,150.1291,152.3615,146.2822,146.8403,-3.1345,-2.09,10.68,637649868.0,,
1591200000000,3116716,146.2025,146.9499,142.8439,146.4716,-0.3671,-0.25,7.79,453110742.0,,
1591286400000,4086533,145.8038,152.5808,145.7839,147.2689,0.791,0.54,10.22,612876114.0,,
1591545600000,6529504,149.9896,161.4506,149.9597,158.2714,11.0011,7.47,16.32,1030327160.0,,
1591632000000,5856790,161.4406,174.0976,161.4406,174.0976,15.8271,10.0,14.64,986630506.0,,
1591718400000,6490293,179.1902,189.3357,173.1608,185.3692,11.2646,6.47,16.23,1176197484.0,,
1591804800000,6676833,192.8238,196.2721,186.3658,189.1763,3.8002,2.05,16.69,1276762917.0,,
1591891200000,4943931,187.6215,191.3489,183.6849,189.3556,0.1703,0.09,12.36,930666988.0,,
1592150400000,5950569,185.0304,186.2761,173.4099,173.8086,-15.546,-8.21,14.88,1069978673.0,,
1592236800000,3902935,176.8482,179.8779,172.7123,175.3832,1.5816,0.91,9.76,689286483.0,,
1592323200000,3734092,175.4829,176.0908,168.0282,170.9184,-4.4725,-2.55,9.34,640366010.0,,
1592409600000,4123503,171.337,174.6955,167.4303,172.4133,1.4871,0.87,10.31,712998924.0,,
1592496000000,4746157,170.5297,179.8879,170.5297,176.0011,3.5862,2.08,11.87,837398021.0,,
1592755200000,6949432,180.2666,193.6012,180.0473,193.6012,17.6001,10.0,17.37,1314344518.0,,
1592841600000,5633807,194.4583,199.3217,187.7411,195.724,2.1295,1.1,14.08,1090924511.0,,
1592928000000,5555747,195.3353,214.2609,193.3221,207.2946,11.5675,5.91,13.89,1141471190.0,,
1593360000000,4432612,203.3082,214.221,200.3183,205.3014,-1.99,-0.96,11.08,921518721.0,,
1593446400000,3595070,207.4541,213.7726,203.4078,209.0885,3.7777,1.84,8.99,752713045.0,,
1593532800000,3580263,208.2912,217.1112,203.6071,208.7895,-0.2927,-0.14,8.95,753415845.0,,
1593619200000,3249782,206.2781,213.9719,203.8164,206.9956,-1.7956,-0.86,8.12,679965368.0,,
1593705600000,4554023,207.2248,209.2779,191.0399,201.7236,-5.2786,-2.55,11.39,913159940.0,,
1593964800000,4205631,201.1156,221.8949,200.8166,221.8949,20.1723,10.0,10.51,916422211.0,,
1594051200000,5494964,233.635,244.0894,227.9045,235.0003,13.1135,5.91,13.74,1316099471.0,,
1594137600000,3649629,237.8008,258.5004,237.8008,258.5004,23.5,10.0,9.12,917462353.0,,
1594224000000,5031812,271.0676,278.8511,259.1183,272.0542,13.5458,5.24,12.58,1358328395.0,,
1594310400000,3415546,263.1047,271.5759,259.3873,263.7325,-8.325,-3.06,8.54,909236105.0,,
1594569600000,3173843,266.7722,276.0506,263.9917,271.0377,7.3054,2.77,7.93,854738137.0,,
1594656000000,4252344,267.0911,274.0674,253.1486,264.5996,-6.451,-2.38,10.63,1118505711.0,,
1594742400000,3724122,264.2309,266.5829,246.0826,246.86,-17.7274,-6.7,9.31,943238878.0,,
1594828800000,5212746,245.5046,255.1318,223.7586,234.203,-12.6643,-5.13,13.03,1269010762.0,,
1594915200000,4514752,234.0137,253.1386,232.6782,243.2323,9.0398,3.86,11.29,1102162928.0,,
1595174400000,3899900,245.4149,248.036,229.22,245.1159,1.873,0.77,9.75,940202102.0,,
1595260800000,3306448,239.794,255.1318,239.3655,247.7469,2.6228,1.07,8.27,824631837.0,,
1595347200000,3102695,243.9698,254.6534,243.8402,248.3449,0.5946,0.24,7.76,776513091.0,,
1595433600000,2870858,243.1725,249.6505,237.8805,249.6505,1.3162,0.53,7.18,701855671.0,,
1595520000000,3943484,246.6507,248.9229,224.6854,224.6854,-24.965,-10.0,9.86,920110922.0,,
1595779200000,3198049,219.2539,225.2336,209.7961,212.2776,-12.4023,-5.52,8.0,693949262.0,,
1595865600000,2263703,218.2573,219.2539,207.7929,214.4801,2.2076,1.04,5.66,484893105.0,,
1595952000000,3988080,214.2609,235.9272,211.3109,235.9272,21.4479,10.0,9.97,903164631.0,,
1596038400000,3124140,235.1996,243.1725,229.2399,237.4918,1.5572,0.66,7.81,741978243.0,,
1596124800000,3057823,236.1963,251.3347,235.2096,243.1725,5.6762,2.39,7.64,750304458.0,,
1596384000000,3293989,246.1025,250.7866,237.9901,247.2187,4.0368,1.66,8.23,807356462.0,,
1596470400000,2547056,247.2187,251.0059,241.1295,243.023,-4.2028,-1.7,6.37,628914564.0,,
1596556800000,3595098,251.6636,259.1083,235.2096,239.1462,-3.8886,-1.6,8.99,884740937.0,,
1596643200000,2825391,233.1965,235.9272,224.6854,229.7183,-9.4221,-3.94,7.06,651151190.0,,
1596729600000,3384000,228.2234,231.2032,213.643,218.347,-11.371,-4.95,8.46,744878179.0,,
1596988800000,2276630,215.5565,225.4329,215.5565,223.4397,5.0876,2.33,5.69,502856692.0,,
1597075200000,2050697,223.1207,224.7851,213.7227,214.2709,-9.1607,-4.1,5.13,449296144.0,,
1597161600000,2264194,213.2842,216.1943,204.3048,214.7692,0.4928,0.23,5.66,475019658.0,,
1597248000000,1456524,216.4235,217.2607,210.1449,212.766,-1.9973,-0.93,3.64,312094054.0,,
1597334400000,2254556,213.0749,215.7658,207.2946,214.7492,1.9788,0.93,5.64,480874303.0,,
1597593600000,2432170,215.2675,216.2342,209.248,213.7726,-0.9663,-0.45,6.08,518384068.0,,
1597680000000,3097100,213.5433,223.8582,211.7993,221.2272,7.4605,3.49,7.74,678569734.0,,
1597766400000,2805223,218.038,218.1477,206.7465,206.7465,-14.4911,-6.55,7.01,595108897.0,,
1597852800000,2026642,203.3082,206.2581,191.9867,201.1655,-5.5822,-2.7,5.07,408330218.0,,
1597939200000,1448828,201.3149,203.936,198.8234,201.9727,0.8047,0.4,3.62,292738058.0,,
1598198400000,1421991,200.418,207.7231,197.3285,205.5804,3.6152,1.79,3.55,289920439.0,,
1598284800000,1498021,205.2815,213.045,205.2815,206.4973,0.9251,0.45,3.75,313401543.0,,
1598371200000,2590346,207.474,208.0321,186.2263,188.5484,-17.9442,-8.69,6.48,506387205.0,,
1598457600000,2086361,188.678,195.7937,184.3726,193.4318,4.8834,2.59,5.22,399578562.0,,
1598544000000,4679666,190.3523,190.4021,176.0509,182.1601,-11.2774,-5.83,11.7,848788865.0,,
1598803200000,2578103,182.3794,183.4557,177.3963,177.4761,-4.6814,-2.57,6.45,467951913.0,,
1598889600000,3227214,176.3001,176.3898,166.9818,173.4597,-4.0108,-2.26,8.07,556744932.0,,
1598976000000,2125661,174.4065,175.3832,168.2275,169.0547,-4.4059,-2.54,5.31,364404682.0,,
1599062400000,3402676,169.2042,178.0541,164.3208,172.3236,3.2629,1.93,8.51,587434002.0,,
1599148800000,5202963,174.4065,189.4553,174.0876,185.2795,12.9585,7.52,13.01,960383406.0,,
1599408000000,5073642,186.3658,195.9333,177.0774,181.1635,-4.1131,-2.22,12.68,955195351.0,,
1599494400000,3090088,176.3997,177.1871,168.4368,171.018,-10.1451,-5.6,7.73,533831193.0,,
1599580800000,3346964,165.9453,168.397,156.4775,157.8329,-13.1855,-7.71,8.37,538071844.0,,
1599667200000,1790986,163.4438,164.0019,156.9858,158.8594,1.0259,0.65,4.48,287549062.0,,
1599753600000,2164521,155.471,166.035,154.6537,164.849,5.989,3.77,5.41,351877792.0,,
1600012800000,2779173,168.0183,173.9082,164.2411,173.3003,8.4565,5.13,6.95,475513617.0,,
1600099200000,2547197,171.7456,178.8913,166.932,177.2967,4.0031,2.31,6.37,445206227.0,,
1600185600000,1916468,175.4629,179.3796,172.8817,173.0113,-4.2907,-2.42,4.79,337622347.0,,
1600272000000,3301039,173.7986,190.3124,171.8851,190.3124,17.3011,10.0,8.25,605771211.0,,
1600358400000,4930751,196.1326,204.7732,191.4485,199.7004,9.3827,4.93,12.33,983253473.0,,
1600617600000,2738058,196.0728,200.4678,193.3122,193.9998,-5.6912,-2.85,6.85,538857691.0,,
1600704000000,2165219,191.3289,195.8336,186.6449,189.3855,-4.6173,-2.38,5.41,413303662.0,,
1600790400000,3312661,191.1495,200.3183,189.3656,197.2289,7.8407,4.14,8.28,648213286.0,,
1600876800000,1862738,193.3421,198.6042,191.3588,193.2723,-3.9645,-2.01,4.66,364359342.0,,
1600963200000,1888666,194.8071,198.1059,187.9604,189.4453,-3.8268,-1.98,4.72,362800903.0,,
1601222400000,2321217,190.3722,198.5244,186.4555,194.827,5.3803,2.84,5.8,449845266.0,,
1601308800000,2143256,196.8302,199.3815,193.8404,196.023,1.1885,0.61,5.36,424013680.0,,
1601395200000,1461051,196.013,199.0626,193.352,193.8603,-2.1562,-1.1,3.65,287434817.0,,
1602172800000,2262645,197.3285,201.2552,194.548,195.0463,1.1826,0.61,5.66,448275136.0,,
1602432000000,3134786,195.8934,207.175,195.8934,207.175,12.1317,6.22,7.84,635528859.0,,
1602518400000,2244237,206.298,206.298,199.83,203.4577,-3.7083,-1.79,5.61,455679897.0,,
1602604800000,1632196,201.584,203.1886,198.7038,198.8434,-4.6186,-2.27,4.08,328648934.0,,
1602691200000,1532462,198.7836,201.7634,195.5645,196.591,-2.2469,-1.13,3.83,305325317.0,,
1602777600000,3022900,195.3353,198.3052,179.3896,181.1835,-15.4132,-7.84,7.56,566933181.0,,
1603036800000,2578568,179.3896,184.6716,173.9082,179.1703,-2.0111,-1.11,6.45,463865636.0,,
1603123200000,1258326,176.898,178.9212,175.0045,178.5424,-0.6271,-0.35,3.15,223300222.0,,
1603209600000,2688771,178.5424,179.3796,165.3174,167.4303,-11.1049,-6.22,6.72,459073816.0,,
1603296000000,1928841,166.932,174.3965,164.4604,172.2937,4.8557,2.9,4.82,330627058.0,,
1603382400000,2096486,170.9383,175.3832,167.9485,171.616,-0.6719,-0.39,5.24,361763818.0,,
1603641600000,1237261,170.4201,177.197,167.4402,173.5395,1.9221,1.12,3.09,215189903.0,,
1603728000000,1487100,171.4167,178.1039,169.7723,176.6987,3.1584,1.82,3.72,261602523.0,,
1603814400000,2280362,176.6987,187.0136,174.3069,184.3726,7.6689,4.34,5.7,415357040.0,,
1603900800000,1803226,179.9875,190.1131,179.8879,183.7647,-0.6084,-0.33,4.51,335518996.0,,
1603987200000,2723700,181.1137,192.9235,180.9243,188.359,4.5941,2.5,6.81,516613109.0,,
1604246400000,3249642,188.359,204.8031,184.7712,199.7901,11.4333,6.07,8.12,630227776.0,,
1604332800000,4837133,200.8166,219.7721,199.8001,216.0648,16.2823,8.15,12.09,1026786136.0,,
1604419200000,4785835,212.2677,215.1877,198.1258,202.4909,-13.5685,-6.28,11.96,983708920.0,,
1604505600000,2471760,205.3014,206.9757,198.4248,202.3215,-0.162,-0.08,6.18,501946973.0,,
1604592000000,4174878,201.3149,216.2641,197.3285,213.2543,10.9257,5.4,10.44,877838248.0,,
1604851200000,2328236,220.7488,234.5817,220.7488,234.5817,21.3256,10.0,5.82,542079611.0,,
1604937600000,4537167,239.1861,246.6606,230.0272,232.0105,-2.5805,-1.1,11.34,1080697677.0,,
1605024000000,3477480,233.7047,235.688,217.6793,217.6793,-14.3387,-6.18,8.69,787115719.0,,
1605110400000,1970607,223.5094,224.7353,216.1146,216.2641,-1.4149,-0.65,4.93,433841085.0,,
1605196800000,2895623,215.9452,233.7047,212.8756,229.1203,12.8467,5.94,7.24,654690638.0,,
1605456000000,2605282,229.1004,236.0966,219.7721,233.7047,4.5824,2.0,6.51,599678180.0,,
1605542400000,3207351,230.107,235.678,216.274,235.1498,1.4489,0.62,8.02,726784184.0,,
1605628800000,2357592,229.818,234.203,224.2868,224.5758,-10.5821,-4.5,5.89,541441605.0,,
1605715200000,2235061,218.2573,226.7085,214.7791,217.171,-7.4112,-3.3,5.59,491649478.0,,
1605801600000,2788602,216.2641,220.1309,207.5537,213.1746,-3.9959,-1.84,6.97,594115052.0,,
1606060800000,2346559,210.8625,214.0915,206.3179,212.2776,-0.8953,-0.42,5.87,496128505.0,,
1606147200000,2627909,211.281,218.945,209.3875,214.9187,2.6324,1.24,6.57,570332574.0,,
1606233600000,2786382,215.2675,223.041,210.4837,215.1678,0.2579,0.12,6.97,609637471.0,,
1606320000000,2263144,214.2709,217.2607,206.9956,208.0321,-7.1438,-3.32,5.66,479842587.0,,
1606406400000,2652115,206.298,219.8519,203.9161,219.1542,11.1293,5.35,6.63,566143403.0,,
1606665600000,3344852,219.234,229.22,215.2675,224.2369,5.0843,2.32,8.36,748443915.0,,
1606752000000,1686443,221.3468,226.2202,220.2804,222.2437,-1.9957,-0.89,4.22,375988678.0,,
1606838400000,2473390,223.2403,230.8744,222.2437,228.4227,6.1784,2.78,6.18,565010223.0,,
1606924800000,1923855,227.2268,232.7081,223.4795,223.8383,-4.5914,-2.01,4.81,439454423.0,,
1607011200000,2686479,220.2505,223.8582,212.2776,213.5832,-10.2516,-4.58,6.72,581472989.0,,
1607270400000,5790694,219.2539,234.9405,219.2539,234.9405,21.3582,10.0,14.48,1343361682.0,,
1607356800000,5710107,234.6714,252.6104,229.22,247.6573,12.7106,5.41,14.28,1367555426.0,,
1607443200000,4358963,246.9297,258.1216,243.3519,248.1556,0.4953,0.2,10.9,1100455558.0,,
1607529600000,4522624,252.1221,272.8715,242.1759,270.7287,22.5814,9.1,11.31,1183181361.0,,
1607616000000,3870971,266.4334,279.0504,261.7393,274.0973,3.3572,1.24,9.68,1053449737.0,,
1607875200000,3435928,276.5589,301.504,265.7158,297.4877,23.3813,8.53,8.59,997774929.0,,
1607961600000,3647468,293.9996,302.7597,267.7389,267.7389,-29.7488,-10.0,9.12,1033751856.0,,
1608048000000,3781516,259.1183,267.0911,253.4475,256.1484,-11.5932,-4.33,9.45,977775879.0,,
1608134400000,3537978,253.5771,272.2436,251.4045,267.2107,11.0655,4.32,8.84,931642344.0,,
1608220800000,2545848,271.5759,279.8975,267.2107,269.6524,2.4317,0.91,6.36,695923819.0,,
1608480000000,2750423,268.2771,292.0063,266.3935,278.7514,9.0877,3.37,6.88,770123766.0,,
1608566400000,3047430,280.924,280.944,261.1115,263.603,-15.1355,-5.43,7.62,816512880.0,,
1608652800000,2178614,262.1081,267.8884,257.6732,264.0814,0.4745,0.18,5.45,576440081.0,,
1608739200000,2342840,260.2942,266.5928,249.1522,253.8163,-10.2731,-3.89,5.86,601664738.0,,
1608825600000,4677294,253.906,253.906,228.4327,231.8311,-21.98,-8.66,11.69,1095837842.0,,
1609084800000,2445575,223.5393,237.1929,223.3599,234.1133,2.272,0.98,6.11,568298469.0,,
1609171200000,3415022,233.2064,251.1454,230.0272,248.5044,14.3976,6.15,8.54,839040386.0,,
1609257600000,2941155,244.1691,249.0027,237.1929,247.3383,-1.168,-0.47,7.35,717402770.0,,
1609344000000,4036474,246.4813,248.1556,232.0205,240.083,-7.2468,-2.93,10.09,965562263.0,,
1609689600000,3958248,238.1795,254.1352,231.7115,249.6903,9.6035,4.0,9.9,970722820.0,,
1609776000000,3990956,251.0856,271.0776,251.0856,266.5928,16.9039,6.77,9.98,1055208682.0,,
1609862400000,3482500,265.0979,265.0979,251.0856,257.9323,-8.6644,-3.25,8.71,899841624.0,,
1609948800000,3439734,257.125,268.9847,249.0924,268.0678,10.1367,3.93,8.6,902607040.0,,
1610035200000,2450374,269.0843,269.0843,256.1982,262.3074,-5.7635,-2.15,6.13,641427745.0,,
1610294400000,4313576,264.1711,288.0199,264.1711,281.1234,18.808,7.17,10.78,1202835800.0,,
1610380800000,3091436,274.5657,289.9932,268.6658,280.346,-0.7872,-0.28,7.73,867960730.0,,
1610467200000,3818575,284.0335,290.9998,269.1641,290.2722,9.9243,3.54,9.55,1064839353.0,,
1610553600000,4979198,285.5284,303.0787,261.241,261.3905,-28.8821,-9.95,12.45,1425859641.0,,
1610640000000,4627357,247.1589,269.0843,235.9969,261.3008,-0.0784,-0.03,11.57,1156009113.0,,
1610899200000,3637713,255.1318,277.3761,249.501,271.0178,9.7203,3.72,9.09,966830572.0,,
1610985600000,2656793,270.0809,271.0178,257.125,258.1216,-12.9007,-4.76,6.64,701762361.0,,
1611072000000,1992516,257.125,261.4105,252.2616,252.5107,-5.601,-2.17,4.98,510862422.0,,
1611158400000,2077824,252.5107,258.899,252.3413,252.8297,0.3283,0.13,5.19,531398814.0,,
1611244800000,3280429,252.8396,255.3311,238.2393,244.0495,-8.7729,-3.47,8.2,807165473.0,,
1611504000000,2627612,239.1861,247.0394,235.5584,244.6973,0.6589,0.27,6.57,641074510.0,,
1611590400000,3366029,244.7472,258.6199,242.9732,254.6335,9.9348,4.06,8.42,849717481.0,,
1611676800000,2434991,251.1055,254.1053,238.1895,241.5381,-13.0878,-5.14,6.09,597003089.0,,
1611763200000,2440428,236.1963,247.5177,225.0342,226.2501,-15.2895,-6.33,6.1,575153902.0,,
1611849600000,2027091,229.22,231.1634,218.2573,222.8317,-3.4163,-1.51,5.07,453794266.0,,
1612108800000,1374995,220.5993,227.2268,218.2872,224.9545,2.117,0.95,3.44,308565969.0,,
1612195200000,2164853,225.0043,234.203,222.742,226.8281,1.8672,0.83,5.41,495670095.0,,
1612281600000,2956634,225.2136,226.7185,208.1318,219.2539,-7.5761,-3.34,7.39,647965724.0,,
1612368000000,3889887,218.3071,241.1793,212.2776,241.1793,21.9254,10.0,9.72,890651335.0,,
1612454400000,2790291,232.6782,238.0699,225.2336,225.8614,-15.3147,-6.35,6.98,649976774.0,,
1612713600000,2180215,225.7119,239.8737,217.2607,232.2098,6.3468,2.81,5.45,509907641.0,,
1612800000000,1987875,233.2064,241.0398,226.3298,236.9935,4.7835,2.06,4.97,467969440.0,,
1612886400000,3417359,229.22,236.2959,226.8281,229.8877,-7.1099,-3.0,4.33,791552597.0,,
1613577600000,5222665,235.1996,251.3447,232.2497,248.9429,19.0575,8.29,6.61,1282187287.0,,
1613664000000,3203691,244.2688,254.7332,237.2228,251.8231,2.8877,1.16,4.06,791558403.0,,
1613923200000,3023828,246.9198,262.4669,245.963,248.036,-3.7772,-1.5,3.83,770600311.0,,
1614009600000,1629171,243.1825,244.7771,234.2529,239.1861,-8.8551,-3.57,2.06,392856171.0,,
1614096000000,2598077,240.9501,253.0688,237.1929,243.4516,4.2577,1.78,3.29,639175116.0,,
1614182400000,2482814,241.1793,254.1252,235.1996,248.6738,5.234,2.15,3.14,614213515.0,,
1614268800000,2887455,240.392,245.6541,224.1772,225.2336,-23.451,-9.43,3.66,679888258.0,,
1614528000000,2690682,227.6254,243.0729,227.6254,241.0697,15.8341,7.03,3.41,638847617.0,,
1614614400000,3169535,240.5016,252.5207,239.206,249.3316,8.2685,3.43,4.01,787713432.0,,
1614700800000,3503263,247.9562,247.9562,228.2433,236.7942,-12.5416,-5.03,4.44,824209944.0,,
1614787200000,4143189,233.615,236.6846,213.1148,218.4566,-18.3271,-7.74,5.25,925584588.0,,
1614873600000,2722163,211.0817,215.2475,203.3082,208.64,-9.8083,-4.49,3.45,569744397.0,,
1615132800000,3308885,207.0953,210.8625,189.6048,191.8173,-16.8158,-8.06,4.19,661272889.0,,
1615219200000,3605079,191.588,191.588,174.3866,174.6955,-17.13,-8.93,4.57,652632327.0,,
1615305600000,2604230,178.393,180.735,171.9748,175.3932,0.6988,0.4,3.3,459982819.0,,
1615392000000,3376430,173.4099,187.3624,170.5297,185.2496,9.8571,5.62,4.28,612139893.0,,
1615478400000,2193705,186.894,189.0866,182.3794,187.0535,1.797,0.97,2.78,408784965.0,,
1615737600000,1736065,182.2797,185.0403,178.393,181.3828,-5.6676,-3.03,2.2,314389121.0,,
1615824000000,1517081,181.3927,183.2763,174.4364,176.5492,-4.8245,-2.66,1.92,270238186.0,,
1615910400000,1512234,177.0376,183.376,174.4364,180.0772,3.5309,2.0,1.92,273907630.0,,
1615996800000,1233990,178.6919,181.3529,176.5094,178.6022,-1.4766,-0.82,1.56,221580866.0,,
1616083200000,1358111,174.9347,180.3862,173.4498,176.3499,-2.2504,-1.26,1.72,241439623.0,,
1616342400000,1955797,176.3997,179.1902,168.686,172.3734,-3.9677,-2.25,2.48,339056440.0,,
1616428800000,1553855,172.3934,175.7021,168.6262,171.915,-0.4654,-0.27,1.97,267781808.0,,
1616515200000,1917558,169.4235,169.4235,161.5403,163.095,-8.8192,-5.13,2.43,316040465.0,,
1616601600000,1403247,159.4574,163.9421,159.4574,161.2214,-1.8756,-1.15,1.78,228133287.0,,
1616688000000,2097780,162.0884,168.0282,159.6966,166.1446,4.9174,3.05,2.66,345097507.0,,
1616947200000,1943391,168.4269,170.2108,165.6364,169.3039,3.1568,1.9,2.46,328088565.0,,
1617033600000,2432387,169.6427,173.8982,166.7825,168.1279,-1.1681,-0.69,3.08,414864987.0,,
1617120000000,1910200,166.932,170.8088,163.5435,169.3238,1.1937,0.71,2.42,321505901.0,,
1617206400000,3787730,169.4235,184.6915,169.3338,178.8514,9.5326,5.63,4.8,679577489.0,,
1617292800000,4203359,180.2865,196.7405,180.2865,196.7405,17.8855,10.0,5.32,807154451.0,,
1617638400000,2834600,199.3217,204.6038,194.5579,195.2556,-1.4755,-0.75,3.59,560958622.0,,
1617724800000,2724735,193.94,196.0728,185.3692,191.6578,-3.5926,-1.84,3.45,518534865.0,,
1617811200000,2130190,189.9536,196.1027,187.9704,194.3188,2.664,1.39,2.7,413034812.0,,
1617897600000,2432300,189.3556,194.837,185.4689,186.1466,-8.1812,-4.21,3.08,460852006.0,,
1618156800000,2086800,187.6215,194.239,185.6782,187.2827,1.1355,0.61,2.64,397011178.0,,
1618243200000,2868361,185.3692,196.1326,183.4358,189.834,2.5471,1.36,3.63,547787430.0,,
1618329600000,1526156,189.9636,194.0397,187.5418,190.1629,0.3227,0.17,1.93,291040821.0,,
1618416000000,1405834,188.359,189.834,183.376,188.6281,-1.5404,-0.81,1.78,263497470.0,,
1618502400000,1331003,189.3556,192.1163,183.8942,186.5651,-2.056,-1.09,1.69,249132796.0,,
1618761600000,3616380,184.5321,205.2217,183.5554,205.2217,18.6565,10.0,4.58,711096413.0,,
1618848000000,3518031,199.6905,203.8065,194.3387,195.0263,-10.1997,-4.97,4.46,700162790.0,,
1618934400000,1745856,192.6544,195.6343,189.7045,192.0066,-3.023,-1.55,2.21,336737675.0,,
1619020800000,2602759,192.8537,201.8133,191.9169,192.9135,0.9025,0.47,3.3,512793865.0,,
1619107200000,1911185,190.9203,196.8302,189.0965,195.2356,2.315,1.2,2.42,372416797.0,,
1619366400000,2664141,196.3419,203.9061,195.3353,197.0794,1.8353,0.94,3.37,533226212.0,,
1619452800000,1687210,197.1292,200.2486,194.2191,198.8733,1.7934,0.91,2.14,335160816.0,,
1619539200000,4095654,203.4178,215.7757,199.5809,210.2844,11.4151,5.74,5.19,856879401.0,,
1619625600000,3198298,211.1913,222.2437,208.2912,209.0387,-1.2406,-0.59,4.05,688659604.0,,
1619712000000,2763212,209.0387,219.1343,207.2946,215.7359,6.6895,3.2,3.5,594205183.0,,
1620230400000,1971365,215.2675,215.7359,208.9988,211.7793,-3.9478,-1.83,2.5,420071286.0,,
1620316800000,2633335,211.291,214.5698,198.3152,198.4348,-13.3419,-6.3,3.34,542984496.0,,
1620576000000,2399047,198.5045,205.3014,190.3523,203.4975,5.0602,2.55,3.04,483440067.0,,
1620662400000,1538724,202.2119,204.7532,197.3983,199.6406,-3.8666,-1.9,1.95,309702100.0,,
1620748800000,2156200,198.0361,200.3183,191.8571,197.1392,-2.4954,-1.25,2.73,423262968.0,,
1620835200000,2077735,195.6642,202.1222,193.96,196.3319,-0.8083,-0.41,2.63,412482949.0,,
1620921600000,1715293,197.1392,201.5342,195.2556,200.6074,4.2799,2.18,2.17,343005146.0,,
1621180800000,3237615,203.1886,214.1513,202.3116,210.105,9.4891,4.73,4.1,682280819.0,,
1621267200000,2298413,206.896,215.7259,204.4742,214.7393,4.6431,2.21,2.91,490128883.0,,
1621353600000,1907760,213.065,216.9617,209.4273,213.0749,-1.675,-0.78,2.42,409827663.0,,
1621440000000,1400460,210.8205,216.4105,210.6408,212.8968,-0.1705,-0.08,1.77,300472287.0,,
1621526400000,1854936,214.6037,217.8079,206.2887,211.9984,-0.8941,-0.42,2.35,392035233.0,,
1621785600000,1729851,209.5129,215.2026,206.6381,215.1128,3.1163,1.47,2.19,366886956.0,,
1621872000000,2426900,216.9096,220.6029,213.6654,218.896,3.7859,1.76,3.07,529167103.0,,
1621958400000,2368834,220.6029,226.5921,216.2408,220.1038,1.2039,0.55,3.0,525458418.0,,
1622044800000,3507914,220.1038,237.0733,218.1074,232.4815,12.3703,5.62,4.44,808641043.0,,
1622131200000,2857961,230.8744,242.2639,229.5867,235.576,3.092,1.33,3.62,677817281.0,,
1622390400000,2357492,239.5788,240.9263,231.5832,236.674,1.1072,0.47,2.99,556990494.0,,
1622476800000,2493017,233.5596,241.0661,231.5832,232.8808,-3.7867,-1.6,3.16,587979837.0,,
1622563200000,1705508,232.3917,236.3246,229.2573,232.3817,-0.489,-0.21,2.16,397151477.0,,
1622649600000,1807598,230.0858,230.575,221.8008,222.8489,-9.5274,-4.1,2.29,407850970.0,,
1622736000000,1486494,220.6129,231.5832,220.583,228.1094,5.2593,2.36,1.88,338511498.0,,
1622995200000,2514956,231.7628,238.5706,231.7628,234.3282,6.2272,2.73,3.19,593767900.0,,
1623081600000,1340012,236.5742,238.4308,227.4107,229.7065,-4.6162,-1.97,1.7,311681187.0,,
1623168000000,2342610,229.3771,238.5506,226.7718,238.4208,8.7062,3.79,2.97,555251233.0,,
1623254400000,2190490,238.9499,244.7594,236.3246,242.3937,3.9815,1.67,2.77,528693624.0,,
1623340800000,1842831,244.7594,246.107,236.8537,243.1723,0.7757,0.32,2.33,446689486.0,,
1623686400000,2365816,241.8347,253.0545,236.5742,249.3512,6.1766,2.54,3.0,583563011.0,,
1623772800000,3611088,249.3512,269.5149,248.5526,251.4374,2.0945,0.84,4.57,937990070.0,,
1623859200000,3961100,251.3476,276.5822,248.5626,276.5822,25.1438,10.0,5.02,1061106927.0,,
1623945600000,4501020,276.5822,295.568,276.5822,285.4861,8.9059,3.22,5.7,1300284333.0,,
1624204800000,3414938,284.4879,295.4382,275.2545,283.0705,-2.4267,-0.85,4.33,975948979.0,,
1624291200000,3455749,283.9988,305.6498,277.201,295.4682,12.3985,4.38,4.38,1008879409.0,,
1624377600000,3081436,293.3919,311.1,292.7131,298.0136,2.5411,0.86,3.9,935501123.0,,
1624464000000,2656792,301.4574,302.4556,282.4915,298.5925,0.5662,0.19,3.36,779675882.0,,
1624550400000,2575194,298.4029,310.4412,291.675,298.4628,-0.1194,-0.04,3.26,771767758.0,,
1624809600000,2402165,298.5127,304.8513,295.568,300.4592,1.9997,0.67,3.04,720439937.0,,
1624896000000,2756232,297.6542,302.3458,287.9816,292.9227,-7.5417,-2.51,3.49,809758079.0,,
1624982400000,3715526,296.4664,321.4214,293.6714,319.425,26.5089,9.05,4.71,1150637015.0,,
1625068800000,2262508,314.1346,316.111,305.4502,311.7389,-7.6984,-2.41,2.87,704480511.0,,
1625155200000,3215324,307.0573,307.4067,288.361,290.4771,-21.2605,-6.82,4.07,953235670.0,,
1625414400000,3662730,292.0343,310.4412,291.4753,308.4448,17.9798,6.19,4.64,1109682242.0,,
1625500800000,3397498,311.4893,325.6139,303.4438,320.7227,12.2762,3.98,4.3,1074749505.0,,
1625587200000,2858829,308.9439,327.4406,295.4781,324.4161,3.6884,1.15,3.62,909398806.0,,
1625673600000,3407160,323.4178,354.9112,321.4214,349.99,25.5647,7.88,4.32,1176336667.0,,
1625760000000,3636521,349.99,350.0499,325.4143,345.2585,-4.7248,-1.35,4.61,1219430748.0,,
1626019200000,2866340,339.3092,353.3739,330.4053,348.3729,3.1074,0.9,3.63,986621178.0,,
1626105600000,2524065,344.2603,349.2513,331.2038,336.3945,-11.9842,-3.44,3.2,854592548.0,,
1626192000000,1981580,331.4035,344.3801,329.4071,336.9934,0.6055,0.18,2.51,668135254.0,,
1626278400000,1888810,329.4071,346.2567,324.5358,334.428,-2.5611,-0.76,2.39,632011611.0,,
1626364800000,1829694,334.438,342.5833,327.1711,328.7083,-5.7187,-1.71,2.32,611391118.0,,
1626624000000,2861756,323.7273,327.4107,312.0683,325.4741,-3.2212,-0.98,3.62,917358638.0,,
1626710400000,3138513,322.22,358.0256,321.4214,358.0256,32.5478,10.0,3.97,1090010950.0,,
1626796800000,3753551,363.346,393.8311,355.3703,393.8311,35.8028,10.0,4.75,1411162780.0,,
1626883200000,3104687,391.1759,409.3631,382.0124,406.2488,12.406,3.15,3.93,1231153458.0,,
1626969600000,2854393,406.2687,436.2148,395.7876,429.2274,22.9929,5.66,3.62,1187508980.0,,
1627228800000,2685940,419.5049,443.4119,407.2669,412.5574,-16.6534,-3.88,3.4,1129429867.0,,
1627315200000,2881473,426.8117,448.1933,409.1136,413.2262,0.6601,0.16,3.65,1231078949.0,,
1627401600000,2810624,404.0627,418.0176,376.3226,392.9527,-20.2902,-4.91,3.56,1112668171.0,,
1627488000000,2860573,408.5047,432.222,395.2885,429.0777,36.1134,9.19,3.62,1193290651.0,,
1627574400000,2311456,429.2274,470.7027,416.2507,459.9521,30.8923,7.2,2.93,1017268545.0,,
1627833600000,3876575,449.1915,458.7942,413.9549,416.3606,-43.6047,-9.48,4.91,1652306990.0,,
1627920000000,3801421,399.2913,411.2597,374.7255,374.7255,-41.6362,-10.0,4.81,1475988739.0,,
1628006400000,3372618,374.3262,403.7732,370.553,403.3739,28.6652,7.65,4.27,1307862608.0,,
1628092800000,1981536,395.0888,406.1589,384.1785,391.5752,-11.8195,-2.93,2.51,785223878.0,,
1628179200000,2380746,398.0735,398.0735,373.348,379.2174,-12.3743,-3.16,3.02,909633165.0,,
1628438400000,3705595,364.6436,377.3208,341.3056,372.3298,-6.902,-1.82,4.69,1314557201.0,,
1628524800000,2613590,364.3442,375.2046,352.6652,359.0537,-13.2928,-3.57,3.31,945386559.0,,
1628611200000,2826530,359.0437,359.0437,340.4572,355.0809,-3.9856,-1.11,3.58,991748119.0,,
1628697600000,3080340,351.3675,368.0675,349.1715,350.2695,-4.7933,-1.35,3.9,1104242891.0,,
1628784000000,2006254,344.6796,354.3621,342.3837,347.7041,-2.5569,-0.73,2.54,699718218.0,,
1629043200000,3019304,349.1715,364.9032,339.8782,351.1479,3.4423,0.99,3.82,1066814754.0,,
1629129600000,1935327,344.3801,355.3604,338.1913,340.4472,-10.7103,-3.05,2.45,667288355.0,,
1629216000000,2083006,340.4572,355.3604,335.3963,346.3765,5.9239,1.74,2.64,723647804.0,,
1629302400000,3219191,344.3801,368.337,342.6832,357.2669,10.8767,3.14,4.08,1155359394.0,,
1629388800000,3585323,355.8595,384.3082,352.3657,383.2202,25.9386,7.26,4.54,1340514629.0,,
1629648000000,2637535,387.3029,393.2921,370.3334,390.4572,7.2428,1.89,3.34,1018816053.0,,
1629734400000,2553630,387.3029,391.9744,373.6574,377.2509,-13.1971,-3.38,3.23,970270200.0,,
1629820800000,1910182,367.3388,376.3226,358.9339,369.6347,-7.6206,-2.02,2.42,702697754.0,,
1629907200000,2025756,373.318,385.9553,365.3524,376.2028,6.5793,1.78,2.57,769244121.0,,
1629993600000,2102936,376.1529,394.2903,374.0168,390.8065,14.5969,3.88,2.66,815471090.0,,
1630252800000,2846418,370.3334,377.5005,351.9665,360.8804,-29.9366,-7.66,3.61,1043940294.0,,
1630339200000,4077987,362.3478,362.3478,324.7954,331.6231,-29.2683,-8.11,5.16,1359758319.0,,
1630425600000,3143021,324.3961,339.3891,303.0046,337.1531,5.538,1.67,3.98,1022478567.0,,
1630512000000,2042253,327.5105,335.2466,316.3106,321.8906,-15.2735,-4.53,2.59,665982716.0,,
1630598400000,2074501,323.897,326.3126,305.3104,316.2108,-5.665,-1.76,2.63,658708318.0,,
1630857600000,1463588,310.4312,326.2428,310.4312,322.799,6.5774,2.08,1.85,472403886.0,,
1630944000000,1531113,321.1819,327.0413,319.3252,321.4115,-1.388,-0.43,1.94,494085870.0,,
1631030400000,1434674,323.2182,331.8926,320.533,324.5957,3.182,0.99,1.82,467636260.0,,
1631116800000,1381125,324.4161,330.9044,319.7045,328.4089,3.7979,1.17,1.75,450106877.0,,
1631203200000,2763554,330.4053,360.2316,325.1248,351.3975,22.9886,7.0,3.5,956648928.0,,
1631462400000,1734744,345.3783,353.4238,333.9988,344.3003,-7.0983,-2.02,2.2,595033739.0,,
1631548800000,2343568,338.3909,373.0485,337.5724,356.7578,12.4635,3.62,2.97,839413641.0,,
1631635200000,1482159,359.3532,361.4095,347.9537,355.3604,-1.3913,-0.39,1.88,527824174.0,,
1631721600000,1789814,353.344,362.1481,347.3747,361.7888,6.432,1.81,2.27,638887310.0,,
1631808000000,1144747,354.9611,371.3216,354.8712,366.2408,4.45,1.23,1.45,415695278.0,,
1632240000000,1660487,361.3496,385.2865,359.5528,376.9315,10.6941,2.92,2.1,624854765.0,,
1632326400000,2048692,373.8271,393.8511,362.8469,388.4308,11.4965,3.05,2.59,784230389.0,,
1632412800000,1524953,383.36,390.2975,377.8199,384.3082,-4.1173,-1.06,1.93,586487187.0,,
1632672000000,1755783,388.3011,403.0745,384.3082,399.5808,15.2576,3.97,2.22,696925689.0,,
1632758400000,2048648,394.2903,408.2651,389.7984,391.3256,-8.2717,-2.07,2.59,822546046.0,,
1632844800000,1520672,385.3364,394.2603,379.417,391.6949,0.3522,0.09,1.93,591437280.0,,
1632931200000,1396068,392.2939,410.2515,385.9653,406.8876,15.1976,3.88,1.77,562540642.0,,
1633622400000,2611723,412.1581,412.1581,366.3406,366.5901,-40.2802,-9.9,3.31,995970267.0,,
1633881600000,2070366,377.3208,385.3064,369.3252,384.7974,18.2189,4.97,2.62,785144422.0,,
1633968000000,1561505,385.2965,390.4771,373.1483,378.1493,-6.6572,-1.73,1.98,597115326.0,,
1634054400000,1044625,381.3136,382.8109,372.3298,379.2773,1.1344,0.3,1.32,394263758.0,,
1634140800000,1213070,379.0777,379.8163,359.3532,374.5857,-4.7032,-1.24,1.54,449773771.0,,
1634227200000,1746544,378.5187,412.0483,375.3743,412.0483,37.4589,10.0,2.21,699774891.0,,
1634486400000,3262456,424.2364,448.1234,421.5812,442.1941,30.1608,7.32,4.13,1421881562.0,,
1634572800000,1753585,440.1976,453.1743,437.213,448.4328,6.235,1.41,2.22,782774076.0,,
1634659200000,2062337,451.8067,454.1725,431.2338,438.311,-10.1349,-2.26,2.61,907651144.0,,
1634745600000,3708014,439.988,440.2076,395.1288,398.2831,-40.0168,-9.13,4.7,1522391492.0,,
1634832000000,3237684,397.6143,404.7614,382.6313,400.3793,2.1108,0.53,4.1,1283974805.0,,
1635091200000,2160146,394.4899,416.9994,386.4943,412.2579,11.8909,2.97,2.74,877583455.0,,
1635177600000,2018329,409.2633,422.24,399.8902,413.6554,1.4017,0.34,2.56,834637241.0,,
1635264000000,1957156,413.316,434.2184,409.5029,417.8678,4.2192,1.02,2.48,824507597.0,,
1635350400000,2950867,412.2579,441.7049,404.3821,407.2669,-10.6142,-2.54,3.74,1239707501.0,,
1635436800000,2785620,410.2615,415.0529,389.2993,399.2813,-7.9824,-1.96,3.53,1110867182.0,,
1635696000000,4300950,400.3094,439.2094,392.3238,436.2547,36.9734,9.26,5.45,1838897951.0,,
1635782400000,2758201,440.2775,453.6634,432.3318,445.1986,8.9432,2.05,3.49,1227654970.0,,
1635868800000,2535968,442.0842,482.9307,441.9744,463.9649,18.7865,4.22,3.21,1179706990.0,,
1635955200000,2689624,475.005,479.6367,447.215,455.6798,-8.3053,-1.79,3.41,1250288191.0,,
1636041600000,2325329,464.3242,474.1266,448.0435,450.559,-5.1034,-1.12,2.95,1072474856.0,,
1636300800000,1816455,444.4001,453.1943,434.418,443.7013,-6.8484,-1.52,2.3,806001761.0,,
1636387200000,2146122,439.3092,455.58,430.8345,452.9846,9.2736,2.09,2.72,959167740.0,,
1636473600000,1814646,447.195,452.8648,440.2176,445.2985,-7.701,-1.7,2.3,811405291.0,,
1636560000000,3115668,445.6977,477.1411,442.3837,468.6564,23.3772,5.25,3.95,1440228915.0,,
1636646400000,2151281,462.1681,480.1258,454.981,474.0467,5.3896,1.15,2.72,1005413095.0,,
1636905600000,2336154,474.1465,477.1411,442.204,444.3502,-29.6739,-6.26,2.96,1057256100.0,,
1636992000000,2041882,439.1595,459.1735,438.2112,448.4927,4.1325,0.93,2.59,922056003.0,,
1637078400000,1575596,447.195,457.2769,441.2058,453.3939,4.8887,1.09,2.0,712573156.0,,
1637164800000,1537970,452.0862,465.8415,447.195,450.1797,-3.2191,-0.71,1.95,700429336.0,,
1637251200000,1860327,455.1308,464.6636,447.195,452.1861,2.0257,0.45,2.36,847393204.0,,
1637510400000,2784266,454.1825,487.1232,452.8648,475.1447,22.9705,5.08,3.53,1324693079.0,,
1637596800000,2399505,477.0513,501.098,477.0513,484.0587,8.9324,1.88,3.04,1174949659.0,,
1637683200000,1697436,482.1322,495.7676,469.3352,478.329,-5.7117,-1.18,2.15,818278960.0,,
1637769600000,1475927,475.9433,488.91,466.1609,467.0693,-11.2403,-2.35,1.87,700671170.0,,
1637856000000,1748921,467.7081,472.1302,452.9846,457.9657,-9.1079,-1.95,2.22,805921763.0,,
1638115200000,2099471,454.0627,477.1411,445.3783,475.5939,17.6316,3.85,2.66,976516347.0,,
1638201600000,1948398,478.1393,482.1322,464.0447,479.1376,3.5668,0.75,2.47,928115918.0,,
1638288000000,1631333,475.9533,482.1322,462.1681,467.1591,-11.9784,-2.5,2.07,770780582.0,,
1638374400000,1176725,467.2689,473.2981,461.2298,468.8061,1.6351,0.35,1.49,551761624.0,,
1638460800000,1158804,468.8061,476.642,464.6836,470.7327,1.9221,0.41,1.47,547597190.0,,
1638720000000,3723135,470.6928,471.6011,429.1974,435.7157,-35.023,-7.44,4.72,1661434858.0,,
1638806400000,3643392,435.7157,439.0896,406.7179,414.2543,-21.4818,-4.93,4.61,1527284780.0,,
1638892800000,1937843,417.249,424.7355,414.6536,419.2454,4.9713,1.2,2.45,813549092.0,,
1638979200000,2205361,427.231,427.231,411.2098,415.7516,-3.4796,-0.83,2.79,918063590.0,,
1639065600000,1446584,409.0038,418.9459,407.766,418.2172,2.453,0.59,1.83,601346010.0,,
1639324800000,1371139,415.8115,417.8778,411.2597,415.9713,-2.2584,-0.54,1.74,569513685.0,,
1639411200000,1180095,413.2661,417.8479,411.09,417.5484,1.5807,0.38,1.49,490677973.0,,
1639497600000,1860796,417.5085,417.5085,400.5091,408.2452,-9.3115,-2.23,2.36,762340726.0,,
1639584000000,1137266,409.0737,413.7652,402.0763,405.2705,-2.9802,-0.73,1.44,462671304.0,,
1639670400000,1444571,404.4021,406.8776,395.2885,404.2723,-1.0132,-0.25,1.83,580726650.0,,
1639929600000,1468078,401.2777,409.2633,388.6305,390.6967,-13.5838,-3.36,1.86,585798413.0,,
1640016000000,1913376,391.9944,407.5963,390.2476,402.9647,12.2679,3.14,2.42,765959928.0,,
1640102400000,1781316,406.2687,411.2597,400.4791,407.3667,4.3924,1.09,2.26,725182286.0,,
1640188800000,931116,407.5464,409.0637,398.0136,401.3675,-5.9881,-1.47,1.18,375125131.0,,
1640275200000,858657,401.7768,403.2741,390.8065,397.2849,-4.0941,-1.02,1.09,342207355.0,,
1640534400000,1583868,396.2767,396.2867,380.3254,382.801,-14.5015,-3.65,2.01,612471844.0,,
1640620800000,2455887,388.1913,402.0763,386.2048,398.0735,15.2737,3.99,3.11,976354563.0,,
1640707200000,1546524,397.2849,401.1579,381.0042,385.4462,-12.6187,-3.17,1.96,601279857.0,,
1640793600000,1217295,384.2084,396.097,383.7692,391.2957,5.8586,1.52,1.54,478840795.0,,
1640880000000,2706180,393.6414,394.2903,374.3262,380.3154,-10.9958,-2.81,3.43,1031187445.0,,
1641225600000,2275340,381.3136,381.9924,368.0176,371.9205,-8.4052,-2.21,2.88,849714579.0,,
1641312000000,2386182,370.3334,373.8271,349.3412,351.1679,-20.7532,-5.58,3.02,853226958.0,,
1641398400000,2570770,345.9373,349.8503,334.3981,340.8065,-10.3594,-2.95,3.26,881381454.0,,
1641484800000,1707258,343.3819,347.8539,334.7974,337.4925,-3.3057,-0.97,2.16,582179127.0,,
1641744000000,2612087,336.5941,338.3909,326.7219,329.1076,-8.3694,-2.48,3.31,864361001.0,,
1641830400000,2410152,330.006,331.7229,314.9331,315.9812,-13.1316,-3.99,3.05,775012173.0,,
1641916800000,2447212,319.9341,326.9914,316.7199,325.4143,9.4474,2.99,3.1,789106031.0,,
1642003200000,1814828,325.4143,325.574,315.0429,316.2707,-9.1442,-2.81,2.3,579085245.0,,
1642089600000,3448330,313.0365,340.8864,313.0365,335.9453,19.6722,6.22,4.37,1144999060.0,,
1642348800000,2568140,339.8882,345.1887,333.3999,341.9146,5.9796,1.78,3.25,875038509.0,,
1642435200000,2130966,338.89,352.8648,336.5841,344.6197,2.7012,0.79,2.7,738045820.0,,
1642521600000,2136141,340.6468,350.4093,338.3909,345.7776,1.1717,0.34,2.71,737633232.0,,
1642608000000,1665037,342.5035,348.353,337.772,340.4871,-5.2904,-1.53,2.11,571709551.0,,
1642694400000,1411449,337.3927,341.2358,332.0823,333.8491,-6.6395,-1.95,1.79,474377062.0,,
1642953600000,1275901,331.4035,344.3701,331.4035,339.3691,5.5087,1.65,1.62,432948947.0,,
1643040000000,1804107,337.4426,343.7213,324.995,326.5921,-12.7596,-3.76,2.28,600950914.0,,
1643126400000,1976019,328.7982,339.3092,320.4232,335.1966,8.5898,2.63,2.5,653644601.0,,
1643212800000,2367988,345.3783,350.3693,329.5867,331.4135,-3.7878,-1.13,3.0,805947524.0,,
1643299200000,2081041,338.3909,340.5869,317.1292,319.9241,-11.5004,-3.47,2.64,681836636.0,,
1644163200000,2457956,333.3999,342.8928,316.7598,322.9587,3.0392,0.95,3.11,807217063.0,,
1644249600000,3349556,322.4196,322.4196,290.6668,292.224,-30.7468,-9.52,4.24,999663800.0,,
1644336000000,2881807,290.577,302.4656,290.2575,299.7604,7.5393,2.58,3.65,858904843.0,,
1644422400000,2488407,300.01,309.1435,292.4735,300.579,0.8094,0.27,3.15,750656328.0,,
1644508800000,1431675,295.6279,306.109,293.352,294.1705,-6.4022,-2.13,1.81,427759415.0,,
1644768000000,1944541,291.2757,311.2098,282.9906,305.1507,10.9728,3.73,2.46,588925040.0,,
1644854400000,1694529,307.0773,314.0946,303.4538,312.0383,6.8962,2.26,2.15,527560547.0,,
1644940800000,1256172,315.4322,317.4286,307.6163,309.0637,-2.9643,-0.95,1.59,390675961.0,,
1645027200000,1491302,307.8858,322.6193,305.9493,317.239,8.1898,2.65,1.89,471844397.0,,
1645113600000,1456104,315.4322,328.0096,312.0982,313.2362,-3.9971,-1.26,1.84,463983163.0,,
1645372800000,1021016,314.434,317.0194,306.7578,308.9439,-4.2913,-1.37,1.29,316586602.0,,
1645459200000,2699679,306.4484,326.9116,302.0064,326.0331,17.0848,5.53,3.42,859783206.0,,
1645545600000,3264597,323.4178,350.5989,322.4196,346.8157,20.7692,6.37,4.13,1119449271.0,,
1645632000000,2584278,346.3166,351.5672,339.3891,346.3665,-0.4509,-0.13,3.27,896069249.0,,
1645718400000,2267547,354.8712,362.198,343.3819,352.7051,6.3385,1.83,2.87,801438736.0,,
1645977600000,1697936,349.6107,360.7407,346.127,360.7407,8.0415,2.28,2.15,606806391.0,,
1646064000000,2064190,360.3414,371.7209,357.3568,366.0411,5.3029,1.47,2.61,753932163.0,,
1646150400000,1483084,365.1328,366.3406,352.3657,364.7834,-1.2445,-0.34,1.88,535198399.0,,
1646236800000,1513839,367.3288,368.337,351.5672,353.3639,-11.4177,-3.13,1.92,541972531.0,,
1646323200000,2201793,349.3711,369.9441,345.538,355.58,2.2261,0.63,2.79,793959400.0,,
1646582400000,2329753,354.3621,354.3621,334.8972,345.7676,-9.8141,-2.76,2.95,803840542.0,,
1646668800000,2325318,344.8992,361.1499,344.3502,351.0681,5.2904,1.53,2.95,825665106.0,,
1646755200000,3535282,358.355,378.1992,358.355,376.7419,25.6638,7.31,4.48,1311691841.0,,
1646841600000,3533039,386.2947,393.2921,374.0068,374.7055,-2.0344,-0.54,4.47,1354076593.0,,
1646928000000,1894618,366.3406,378.4488,362.3578,371.0521,-3.6723,-0.98,2.4,701741266.0,,
1647187200000,1852752,366.9695,368.886,355.3604,355.3703,-15.6961,-4.23,2.35,666816395.0,,
1647273600000,2418749,353.863,377.9796,350.9982,367.798,12.4376,3.5,3.06,893038575.0,,
1647360000000,2788401,374.8253,404.5818,370.2136,404.5818,36.7802,10.0,3.53,1068361553.0,,
1647446400000,3650615,409.2633,422.24,390.2975,392.9726,-11.6116,-2.87,4.62,1479252851.0,,
1647532800000,1480753,393.1124,403.2741,384.3981,396.7858,3.8118,0.97,1.88,583304013.0,,
1647792000000,2775962,391.2957,416.2507,391.2957,414.2543,17.459,4.4,3.52,1128044349.0,,
1647878400000,1618359,410.1118,414.2543,403.0745,410.8605,-3.3969,-0.82,2.05,661928797.0,,
1647964800000,1658734,413.5556,413.5556,397.2849,408.0655,-2.7938,-0.68,2.1,672616662.0,,
1648051200000,1962038,404.2723,404.2723,385.3064,400.2795,-7.7942,-1.91,2.48,773835502.0,,
1648137600000,1194897,400.2795,407.247,390.3973,391.2857,-9.0066,-2.25,1.51,475364476.0,,
1648396800000,1274778,379.8263,394.7694,379.3172,386.5342,-4.7343,-1.21,1.61,490379037.0,,
1648483200000,1521583,387.3029,393.4917,375.3244,377.8199,-8.6966,-2.25,1.93,585672344.0,,
1648569600000,2011600,384.2783,395.2386,380.3154,394.2803,16.4724,4.36,2.55,786557765.0,,
1648656000000,1208036,392.1841,393.3021,380.3154,385.9054,-8.3584,-2.12,1.53,466412569.0,,
1648742400000,1597974,380.3154,403.7732,380.3154,401.2777,15.3595,3.98,2.02,635778752.0,,
1649174400000,2156800,397.2849,397.2849,361.1499,361.1499,-40.1278,-10.0,2.73,804392351.0,,
1649260800000,2869334,350.2196,359.3432,336.3945,345.3184,-15.8178,-4.38,3.63,989981500.0,,
1649347200000,1637016,346.2567,353.8032,339.469,347.0753,1.7611,0.51,2.07,568622140.0,,
1649606400000,2773364,339.7984,340.1877,317.1292,320.8225,-26.2378,-7.56,3.51,907926875.0,,
1649692800000,2378850,322.24,327.231,309.2533,319.984,-0.8341,-0.26,3.01,751708022.0,,
1649779200000,1573457,315.4322,317.4286,306.658,310.1318,-9.8556,-3.08,1.99,490557316.0,,
1649865600000,2686117,312.5374,336.2248,303.4438,329.4071,19.2893,6.22,3.4,854872041.0,,
1649952000000,2022889,319.425,329.4071,312.787,324.1565,-5.2374,-1.59,2.56,648844580.0,,
1650211200000,2083755,320.533,341.9744,319.425,341.9545,17.7963,5.49,2.64,696534183.0,,
1650297600000,1914679,336.0751,341.3855,327.4107,328.0096,-13.952,-4.08,2.42,638125162.0,,
1650384000000,1203776,332.4017,334.3482,327.0214,328.4089,0.3936,0.12,1.52,397466773.0,,
1650470400000,1558622,324.456,337.3927,320.5231,323.6674,-4.7289,-1.44,1.97,513778029.0,,
1650556800000,1808266,323.328,328.4089,311.7888,315.532,-8.1238,-2.51,2.29,577062219.0,,
1650816000000,1604290,308.7343,315.5221,293.0226,294.2703,-21.2672,-6.74,2.03,489251187.0,,
1650902400000,1716847,296.3166,307.4466,294.4799,299.8403,5.5619,1.89,2.17,518631483.0,,
1650988800000,1744093,298.4628,329.8263,295.568,329.8263,29.9842,10.0,2.21,551659074.0,,
1651075200000,1891718,335.7756,343.2521,325.2945,338.351,8.5099,2.58,2.4,634587354.0,,
1651161600000,2089056,340.5271,344.8792,322.5095,344.1006,5.7519,1.7,2.65,699441771.0,,
1651680000000,1611416,342.3837,342.3837,329.4071,334.3981,-9.7037,-2.82,2.04,538889516.0,,
1651766400000,1691614,319.5049,325.4143,309.2434,314.7135,-19.6968,-5.89,2.14,537490492.0,,
1652025600000,759551,314.9231,317.219,309.443,310.9403,-3.7766,-1.2,0.96,237427940.0,,
1652112000000,2728030,306.8277,342.0343,300.7686,342.0343,31.094,10.0,3.46,915335680.0,,
1652198400000,2857114,339.3092,364.3442,338.6205,353.7732,11.732,3.43,3.62,1011733857.0,,
1652284800000,2099704,346.4763,355.8095,344.5398,349.5708,-4.21,-1.19,2.34,733923565.0,,
1652371200000,1378716,349.9701,359.3532,343.3819,356.3586,6.7818,1.94,1.54,487656289.0,,
1652630400000,1297420,357.3068,358.2452,341.5851,344.8293,-11.5466,-3.24,1.45,452108447.0,,
1652716800000,2634095,345.538,375.8535,345.4781,366.3805,21.5518,6.25,2.94,965879623.0,,
1652803200000,2305058,373.328,383.4498,370.3334,375.3244,8.9398,2.44,2.57,868423695.0,,
1652889600000,2030177,369.3352,391.8547,368.337,390.3773,15.0506,4.01,2.27,780256402.0,,
1652976000000,1322576,388.8,394.4,382.16,392.3,1.92,0.49,1.48,513807429.0,,
1653235200000,1615371,392.0,392.0,381.85,385.81,-6.49,-1.65,1.8,622355733.0,,
1653321600000,1929553,385.85,395.05,374.99,377.65,-8.16,-2.12,2.15,741065567.0,,
1653408000000,2234363,375.5,383.88,364.59,370.88,-6.77,-1.79,2.49,827243582.0,,
1653494400000,1474980,371.58,374.79,364.03,369.45,-1.43,-0.39,1.65,544398216.0,,
1653580800000,1504096,372.0,378.5,367.8,369.97,0.52,0.14,1.68,560493258.0,,
1653840000000,1253747,371.0,380.18,366.0,374.3,4.33,1.17,1.4,470421589.0,,
1653926400000,1768320,374.0,381.0,365.95,381.0,6.7,1.79,1.97,661988815.0,,
1654012800000,1516773,379.12,389.8,374.81,379.9,-1.1,-0.29,1.69,577158910.0,,
1654099200000,2268455,376.42,396.0,375.2,393.51,13.61,3.58,2.53,882484175.0,,
1654444800000,2288968,393.6,400.33,386.08,393.8,0.29,0.07,2.56,897859796.0,,
1654531200000,2491604,390.02,391.85,373.34,377.77,-16.03,-4.07,2.78,947084818.0,,
1654617600000,2004730,375.1,384.97,370.35,378.51,0.74,0.2,2.24,757284468.0,,
1654704000000,4412833,376.0,377.8,341.39,344.88,-33.63,-8.88,4.93,1553908070.0,,
1654790400000,4942394,341.0,347.5,331.09,345.2,0.32,0.09,5.52,1686442621.0,,
1655049600000,3342737,338.0,341.2,329.0,334.88,-10.32,-2.99,3.73,1116587063.0,,
1655136000000,2746223,329.66,333.65,323.18,333.0,-1.88,-0.56,3.07,904385916.0,,
1655222400000,3144150,331.02,345.24,331.02,334.0,1.0,0.3,3.51,1061326936.0,,
1655308800000,3233899,331.5,344.99,331.2,342.45,8.45,2.53,3.61,1103719206.0,,
1655395200000,2360842,338.69,344.9,333.99,342.0,-0.45,-0.13,2.64,802191117.0,,
1655654400000,3399195,344.0,359.8,339.6,355.03,13.03,3.81,3.8,1199032811.0,,
1655740800000,1841226,353.01,362.57,350.01,356.0,0.97,0.27,2.06,656360821.0,,
1655827200000,2159762,356.04,359.21,348.69,350.99,-5.01,-1.41,2.41,762713740.0,,
1655913600000,3733660,353.06,378.5,352.1,377.05,26.06,7.42,4.17,1373071475.0,,
1656000000000,2856304,372.0,382.55,367.3,374.92,-2.13,-0.56,3.19,1069507566.0,,
1656259200000,2027758,376.84,380.8,373.16,376.99,2.07,0.55,2.26,764315265.0,,
1656345600000,2612671,377.18,386.0,362.3,381.21,4.22,1.12,2.92,975990934.0,,
1656432000000,2671452,380.58,395.0,375.5,376.0,-5.21,-1.37,2.98,1030531267.0,,
1656518400000,1645668,380.0,388.0,378.12,385.9,9.9,2.63,1.84,632845352.0,,
1656604800000,1266201,384.56,387.97,379.0,380.84,-5.06,-1.31,1.41,484241946.0,,
1656864000000,2019633,375.0,380.85,367.14,376.9,-3.94,-1.03,2.25,756756885.0,,
1656950400000,1791584,374.43,387.58,370.0,377.68,0.78,0.21,2.0,676575074.0,,
1657036800000,3300270,376.89,402.8,376.0,384.7,7.02,1.86,3.68,1287904563.0,,
1657123200000,3117401,384.77,387.2,361.88,377.5,-7.2,-1.87,3.48,1161877826.0,,
1657209600000,3133974,381.35,399.99,378.94,392.22,14.72,3.9,3.5,1228346441.0,,
1657468800000,2286845,385.0,387.0,371.0,375.05,-17.17,-4.38,2.55,863818824.0,,
1657555200000,2552385,377.83,383.61,360.14,361.05,-14.0,-3.73,2.85,936277389.0,,
1657641600000,3722646,360.0,362.59,334.37,346.6,-14.45,-4.0,4.16,1282422668.0,,
1657728000000,2612594,341.52,364.93,341.1,361.25,14.65,4.23,2.92,931876154.0,,
1657814400000,4207964,379.44,395.5,368.0,383.5,22.25,6.16,4.7,1619216885.0,,
1658073600000,2699495,388.0,389.45,368.16,381.0,-2.5,-0.65,3.01,1018913526.0,,
1658160000000,2410211,377.6,381.0,365.4,368.0,-13.0,-3.41,2.69,893651161.0,,
1658246400000,2682323,372.79,388.28,370.1,375.4,7.4,2.01,2.99,1019572587.0,,
1658332800000,3304189,375.0,393.58,372.28,376.4,1.0,0.27,3.69,1270089930.0,,
1658419200000,2433304,378.0,380.01,367.2,373.0,-3.4,-0.9,2.72,906979306.0,,
1658678400000,1874226,373.0,379.0,365.23,372.0,-1.0,-0.27,2.09,698955032.0,,
1658764800000,1949845,372.01,381.8,365.33,380.2,8.2,2.2,2.18,730555381.0,,
1658851200000,1617808,377.5,383.5,371.21,372.88,-7.32,-1.93,1.81,607600471.0,,
1658937600000,4267631,378.0,404.99,375.02,402.01,29.13,7.81,4.76,1681493852.0,,
1659024000000,2178287,397.1,401.0,388.89,389.41,-12.6,-3.13,2.43,858398500.0,,
1659283200000,2192708,389.45,399.01,379.67,396.92,7.51,1.93,2.45,858990683.0,,
1659369600000,3012646,390.12,415.33,388.0,404.21,7.29,1.84,3.36,1225560108.0,,
1659456000000,3065989,408.99,421.87,399.0,407.19,2.98,0.74,3.42,1257008913.0,,
1659542400000,2011027,408.0,412.08,394.1,400.01,-7.18,-1.76,2.25,809083261.0,,
1659628800000,3779381,403.99,440.01,400.99,440.01,40.0,10.0,4.22,1628760962.0,,
1659888000000,3693740,450.0,450.0,433.02,443.0,2.99,0.68,4.12,1628683060.0,,
1659974400000,2545818,440.79,440.95,426.0,438.0,-5.0,-1.13,2.84,1097322100.0,,
1660060800000,2008795,437.0,445.0,428.17,432.73,-5.27,-1.2,2.24,874847615.0,,
1660147200000,2263306,434.0,436.1,424.0,426.99,-5.74,-1.33,2.53,968967849.0,,
1660233600000,1796155,425.0,429.55,414.0,414.73,-12.26,-2.87,2.01,754469124.0,,
1660492800000,1399235,413.8,419.0,411.01,415.03,0.3,0.07,1.56,581897411.0,,
1660579200000,1370978,413.23,423.96,413.21,418.6,3.57,0.86,1.53,575015676.0,,
1660665600000,1586040,417.99,421.99,407.0,420.51,1.91,0.46,1.77,657597720.0,,
